month,total_calls,ems_calls,fire_calls,runs_sage_total,runs_taylor_total_raw,runs_sage_ems,runs_taylor_ems_raw,runs_sage_fire,runs_taylor_fire_raw,runs_taylor_total,runs_taylor_ems,runs_taylor_fire,beds_sage_park_raw,beds_taylor_raw,beds_sage_park,beds_taylor_springs,nh_total_certified_beds,res_sf_area_sqft,res_mf_area_sqft,com_area_sqft,ind_area_sqft,apprbld,apprtot,est_residents_sf,est_residents_mf,est_residents_total,est_workers_com,est_workers_ind,est_workers_total,runs_apartment_total,runs_apartment_ems,runs_apartment_fire,res_sf_area_sqft_k,res_mf_area_sqft_k,com_area_sqft_k,ind_area_sqft_k,apprbld_M,apprtot_M,res_sf_area_sqft_k_lag6,res_mf_area_sqft_k_lag6,com_area_sqft_k_lag6,ind_area_sqft_k_lag6,apprbld_M_lag6,apprtot_M_lag6,est_residents_total_lag6,est_workers_total_lag6,beds_sage_park_lag6,beds_taylor_springs_lag6,nh_total_certified_beds_lag6,ems_calls_lag6,fire_calls_lag6,total_calls_lag6,runs_apartment_total_lag6,runs_apartment_ems_lag6,runs_apartment_fire_lag6,res_sf_area_sqft_k_yoy,res_mf_area_sqft_k_yoy,com_area_sqft_k_yoy,ind_area_sqft_k_yoy,apprbld_M_yoy,apprtot_M_yoy,est_residents_total_yoy,est_workers_total_yoy,beds_sage_park_yoy,beds_taylor_springs_yoy,nh_total_certified_beds_yoy,ems_calls_yoy,fire_calls_yoy,total_calls_yoy,runs_apartment_total_yoy,runs_apartment_ems_yoy,runs_apartment_fire_yoy
2018-08-01,206,115,91,10,0,10,0,0,0,0,0,0,50,0,50,0.0,50.0,11419470.0,734847.0,33449.0,4333913.3880358925,1167355700.0,1574245700.0,10277.523,1028.7857999999999,11306.308799999999,66.898,4333.913388035892,4400.811388035892,6,3,3,11419.47,734.847,33.449,4333.913388035892,1167.3557,1574.2457,,,,,,,,,,,,,,,,,,,,,,,,,,,,,,,,,,
2018-09-01,216,126,90,6,0,5,0,1,0,0,0,0,50,0,50,0.0,50.0,11419470.0,734847.0,33449.0,4333913.3880358925,1166727000.0,1573491700.0,10277.523,1028.7857999999999,11306.308799999999,66.898,4333.913388035892,4400.811388035892,13,8,5,11419.47,734.847,33.449,4333.913388035892,1166.727,1573.4917,,,,,,,,,,,,,,,,,,,,,,,,,,,,,,,,,,
2018-10-01,205,123,82,7,0,7,0,0,0,0,0,0,50,0,50,0.0,50.0,11418213.0,734847.0,33449.0,4333990.377068793,1166703500.0,1574122300.0,10276.3917,1028.7857999999999,11305.1775,66.898,4333.990377068793,4400.8883770687935,7,4,3,11418.213,734.847,33.449,4333.990377068793,1166.7035,1574.1223,,,,,,,,,,,,,,,,,,,,,,,,,,,,,,,,,,
2018-11-01,205,120,85,2,0,2,0,0,0,0,0,0,50,0,50,0.0,50.0,10445637.0,734847.0,30294.0,3495588.207577268,1017032900.0,1338936300.0,9401.0733,1028.7857999999999,10429.8591,60.588,3495.5882075772683,3556.1762075772685,12,9,3,10445.637,734.847,30.294,3495.5882075772683,1017.0329,1338.9363,,,,,,,,,,,,,,,,,,,,,,,,,,,,,,,,,,
2018-12-01,202,116,86,5,0,5,0,0,0,0,0,0,50,0,50,0.0,50.0,10444641.0,734847.0,30294.0,3496828.4309072783,1077478200.0,1404616000.0,9400.1769,1028.7857999999999,10428.9627,60.588,3496.8284309072783,3557.4164309072785,5,3,2,10444.641,734.847,30.294,3496.8284309072783,1077.4782,1404.616,,,,,,,,,,,,,,,,,,,,,,,,,,,,,,,,,,
2019-01-01,199,100,99,4,0,2,0,2,0,0,0,0,50,0,50,0.0,50.0,10443077.0,734847.0,30294.0,3496828.4309072783,1077478200.0,1404616000.0,9398.7693,1028.7857999999999,10427.5551,60.588,3496.8284309072783,3557.4164309072785,8,7,1,10443.077,734.847,30.294,3496.8284309072783,1077.4782,1404.616,,,,,,,,,,,,,,,,,,,,,,,,,,,,,,,,,,
2019-02-01,168,92,76,3,0,3,0,0,0,0,0,0,50,0,50,0.0,50.0,11483119.0,734847.0,33449.0,4335448.969292124,1231561000.0,1643361700.0,10334.8071,1028.7857999999999,11363.5929,66.898,4335.448969292123,4402.3469692921235,5,1,4,11483.119,734.847,33.449,4335.448969292123,1231.561,1643.3617,11419.47,734.847,33.449,4333.913388035892,1167.3557,1574.2457,11306.308799999999,4400.811388035892,50.0,0.0,50.0,115.0,91.0,206.0,6.0,3.0,3.0,,,,,,,,,,,,,,,,,
2019-03-01,189,113,76,3,0,3,0,0,0,0,0,0,50,0,50,0.0,50.0,11702931.0,734847.0,33449.0,4335448.969292124,1231294800.0,1643095500.0,10532.637900000002,1028.7857999999999,11561.423700000001,66.898,4335.448969292123,4402.3469692921235,4,4,0,11702.931,734.847,33.449,4335.448969292123,1231.2948,1643.0955,11419.47,734.847,33.449,4333.913388035892,1166.727,1573.4917,11306.308799999999,4400.811388035892,50.0,0.0,50.0,126.0,90.0,216.0,13.0,8.0,5.0,,,,,,,,,,,,,,,,,
2019-04-01,203,113,90,7,0,5,0,2,0,0,0,0,50,0,50,0.0,50.0,11830650.0,734847.0,33449.0,4335448.969292124,1222002000.0,1632864300.0,10647.585,1028.7857999999999,11676.370799999999,66.898,4335.448969292123,4402.3469692921235,6,4,2,11830.65,734.847,33.449,4335.448969292123,1222.002,1632.8643,11418.213,734.847,33.449,4333.990377068793,1166.7035,1574.1223,11305.1775,4400.8883770687935,50.0,0.0,50.0,123.0,82.0,205.0,7.0,4.0,3.0,,,,,,,,,,,,,,,,,
2019-05-01,233,141,92,2,0,2,0,0,0,0,0,0,50,0,50,0.0,50.0,11870950.0,734847.0,33449.0,4335448.969292124,1221841100.0,1632590600.0,10683.855000000001,1028.7857999999999,11712.640800000001,66.898,4335.448969292123,4402.3469692921235,9,3,6,11870.95,734.847,33.449,4335.448969292123,1221.8411,1632.5906,10445.637,734.847,30.294,3495.5882075772683,1017.0329,1338.9363,10429.8591,3556.1762075772685,50.0,0.0,50.0,120.0,85.0,205.0,12.0,9.0,3.0,,,,,,,,,,,,,,,,,
2019-06-01,207,120,87,7,0,7,0,0,0,0,0,0,50,0,50,0.0,50.0,11870270.0,734847.0,33449.0,4335448.969292124,1219854200.0,1630242300.0,10683.243,1028.7857999999999,11712.0288,66.898,4335.448969292123,4402.3469692921235,5,3,2,11870.27,734.847,33.449,4335.448969292123,1219.8542,1630.2423,10444.641,734.847,30.294,3496.8284309072783,1077.4782,1404.616,10428.9627,3557.4164309072785,50.0,0.0,50.0,116.0,86.0,202.0,5.0,3.0,2.0,,,,,,,,,,,,,,,,,
2019-07-01,188,109,79,5,0,4,0,1,0,0,0,0,50,0,50,0.0,50.0,11869835.0,734847.0,33449.0,4335448.969292124,1219854200.0,1630822300.0,10682.851499999999,1028.7857999999999,11711.637299999999,66.898,4335.448969292123,4402.3469692921235,5,1,4,11869.835,734.847,33.449,4335.448969292123,1219.8542,1630.8223,10443.077,734.847,30.294,3496.8284309072783,1077.4782,1404.616,10427.5551,3557.4164309072785,50.0,0.0,50.0,100.0,99.0,199.0,8.0,7.0,1.0,,,,,,,,,,,,,,,,,
2019-08-01,220,134,86,5,0,5,0,0,0,0,0,0,50,0,50,0.0,50.0,11870121.0,734847.0,33449.0,4335448.969292124,1219736000.0,1630492700.0,10683.1089,1028.7857999999999,11711.894699999999,66.898,4335.448969292123,4402.3469692921235,7,4,3,11870.121,734.847,33.449,4335.448969292123,1219.736,1630.4927,11483.119,734.847,33.449,4335.448969292123,1231.561,1643.3617,11363.5929,4402.3469692921235,50.0,0.0,50.0,92.0,76.0,168.0,5.0,1.0,4.0,450.65099999999984,0.0,0.0,1.5355812562311257,52.380300000000034,56.24700000000007,405.58590000000004,1.5355812562311257,0.0,0.0,0.0,19.0,-5.0,14.0,1.0,1.0,0.0
2019-09-01,209,109,100,3,0,3,0,0,0,0,0,0,50,0,50,0.0,50.0,11872825.0,734847.0,33449.0,4335448.969292124,1216027400.0,1626532700.0,10685.542500000001,1028.7857999999999,11714.328300000001,66.898,4335.448969292123,4402.3469692921235,7,3,4,11872.825,734.847,33.449,4335.448969292123,1216.0274,1626.5327,11702.931,734.847,33.449,4335.448969292123,1231.2948,1643.0955,11561.423700000001,4402.3469692921235,50.0,0.0,50.0,113.0,76.0,189.0,4.0,4.0,0.0,453.3550000000014,0.0,0.0,1.5355812562311257,49.300399999999854,53.04099999999994,408.01950000000215,1.5355812562311257,0.0,0.0,0.0,-17.0,10.0,-7.0,-6.0,-5.0,-1.0
2019-10-01,227,140,87,1,0,1,0,0,0,0,0,0,50,0,50,0.0,50.0,11875401.0,734847.0,30395.0,4335355.182652044,1215946600.0,1626242500.0,10687.8609,1028.7857999999999,11716.6467,60.79,4335.355182652044,4396.145182652044,7,7,0,11875.401,734.847,30.395,4335.355182652044,1215.9466,1626.2425,11830.65,734.847,33.449,4335.448969292123,1222.002,1632.8643,11676.370799999999,4402.3469692921235,50.0,0.0,50.0,113.0,90.0,203.0,6.0,4.0,2.0,457.1880000000001,0.0,-3.0539999999999985,1.3648055832509272,49.24309999999991,52.12020000000007,411.46919999999955,-4.7431944167492475,0.0,0.0,0.0,17.0,5.0,22.0,0.0,3.0,-3.0
2019-11-01,216,129,87,5,0,5,0,0,0,0,0,0,50,0,50,0.0,50.0,11875803.0,734847.0,30395.0,4335355.182652044,1215894400.0,1626428600.0,10688.2227,1028.7857999999999,11717.0085,60.79,4335.355182652044,4396.145182652044,6,4,2,11875.803,734.847,30.395,4335.355182652044,1215.8944,1626.4286,11870.95,734.847,33.449,4335.448969292123,1221.8411,1632.5906,11712.640800000001,4402.3469692921235,50.0,0.0,50.0,141.0,92.0,233.0,9.0,3.0,6.0,1430.1659999999993,0.0,0.10099999999999909,839.7669750747759,198.86149999999986,287.4922999999999,1287.1494000000002,839.9689750747757,0.0,0.0,0.0,9.0,2.0,11.0,-6.0,-5.0,-1.0
2019-12-01,208,122,86,8,0,6,0,2,0,0,0,0,50,0,50,0.0,50.0,11873282.0,734847.0,30395.0,4335355.182652044,1267608000.0,1697057600.0,10685.9538,1028.7857999999999,11714.739599999999,60.79,4335.355182652044,4396.145182652044,10,8,2,11873.282,734.847,30.395,4335.355182652044,1267.608,1697.0576,11870.27,734.847,33.449,4335.448969292123,1219.8542,1630.2423,11712.0288,4402.3469692921235,50.0,0.0,50.0,120.0,87.0,207.0,5.0,3.0,2.0,1428.6409999999996,0.0,0.10099999999999909,838.526751744766,190.12979999999993,292.4416000000001,1285.776899999999,838.7287517447658,0.0,0.0,0.0,6.0,0.0,6.0,5.0,5.0,0.0
2020-01-01,194,101,93,6,1,5,0,1,1,0,0,0,50,0,50,0.0,50.0,11873005.0,734847.0,30395.0,4335355.182652044,1267530600.0,1696945500.0,10685.7045,1028.7857999999999,11714.4903,60.79,4335.355182652044,4396.145182652044,8,4,4,11873.005,734.847,30.395,4335.355182652044,1267.5306,1696.9455,11869.835,734.847,33.449,4335.448969292123,1219.8542,1630.8223,11711.637299999999,4402.3469692921235,50.0,0.0,50.0,109.0,79.0,188.0,5.0,1.0,4.0,1429.9279999999999,0.0,0.10099999999999909,838.526751744766,190.05240000000003,292.32950000000005,1286.9352,838.7287517447658,0.0,0.0,0.0,1.0,-6.0,-5.0,0.0,-3.0,3.0
2020-02-01,167,94,73,0,0,0,0,0,0,0,0,0,50,0,50,0.0,50.0,11873035.0,734847.0,30395.0,4335355.182652044,1267530600.0,1696945500.0,10685.7315,1028.7857999999999,11714.5173,60.79,4335.355182652044,4396.145182652044,4,2,2,11873.035,734.847,30.395,4335.355182652044,1267.5306,1696.9455,11870.121,734.847,33.449,4335.448969292123,1219.736,1630.4927,11711.894699999999,4402.3469692921235,50.0,0.0,50.0,134.0,86.0,220.0,7.0,4.0,3.0,389.91599999999926,0.0,-3.0539999999999985,-0.0937866400790881,35.96960000000013,53.58380000000011,350.9243999999999,-6.201786640079263,0.0,0.0,0.0,2.0,-3.0,-1.0,-1.0,1.0,-2.0
2020-03-01,177,110,67,1,0,1,0,0,0,0,0,0,50,0,50,0.0,50.0,11873035.0,734847.0,30395.0,4335355.182652044,1267507300.0,1696903500.0,10685.7315,1028.7857999999999,11714.5173,60.79,4335.355182652044,4396.145182652044,10,7,3,11873.035,734.847,30.395,4335.355182652044,1267.5073,1696.9035,11872.825,734.847,33.449,4335.448969292123,1216.0274,1626.5327,11714.328300000001,4402.3469692921235,50.0,0.0,50.0,109.0,100.0,209.0,7.0,3.0,4.0,170.10399999999936,0.0,-3.0539999999999985,-0.0937866400790881,36.21250000000009,53.80799999999999,153.09359999999833,-6.201786640079263,0.0,0.0,0.0,-3.0,-9.0,-12.0,6.0,3.0,3.0
2020-04-01,130,68,62,0,0,0,0,0,0,0,0,0,50,0,50,0.0,50.0,11873035.0,734847.0,30395.0,4335355.182652044,1267319900.0,1696716100.0,10685.7315,1028.7857999999999,11714.5173,60.79,4335.355182652044,4396.145182652044,4,1,3,11873.035,734.847,30.395,4335.355182652044,1267.3199,1696.7161,11875.401,734.847,30.395,4335.355182652044,1215.9466,1626.2425,11716.6467,4396.145182652044,50.0,0.0,50.0,140.0,87.0,227.0,7.0,7.0,0.0,42.38500000000022,0.0,-3.0539999999999985,-0.0937866400790881,45.31790000000001,63.85180000000014,38.14650000000074,-6.201786640079263,0.0,0.0,0.0,-45.0,-28.0,-73.0,-2.0,-3.0,1.0
2020-05-01,162,91,71,1,0,1,0,0,0,0,0,0,50,0,50,0.0,50.0,11857716.0,734847.0,30395.0,4335355.182652044,1267319900.0,1696716100.0,10671.9444,1028.7857999999999,11700.7302,60.79,4335.355182652044,4396.145182652044,2,1,1,11857.716,734.847,30.395,4335.355182652044,1267.3199,1696.7161,11875.803,734.847,30.395,4335.355182652044,1215.8944,1626.4286,11717.0085,4396.145182652044,50.0,0.0,50.0,129.0,87.0,216.0,6.0,4.0,2.0,-13.234000000000378,0.0,-3.0539999999999985,-0.0937866400790881,45.478799999999865,64.1255000000001,-11.910600000001068,-6.201786640079263,0.0,0.0,0.0,-50.0,-21.0,-71.0,-7.0,-2.0,-5.0
2020-06-01,139,69,70,1,0,1,0,0,0,0,0,0,50,0,50,0.0,50.0,11857381.0,734847.0,30395.0,4335355.182652044,1248962500.0,1675087300.0,10671.642899999999,1028.7857999999999,11700.428699999999,60.79,4335.355182652044,4396.145182652044,6,3,3,11857.381,734.847,30.395,4335.355182652044,1248.9625,1675.0873,11873.282,734.847,30.395,4335.355182652044,1267.608,1697.0576,11714.739599999999,4396.145182652044,50.0,0.0,50.0,122.0,86.0,208.0,10.0,8.0,2.0,-12.889000000001033,0.0,-3.0539999999999985,-0.0937866400790881,29.1083000000001,44.84500000000003,-11.600100000001476,-6.201786640079263,0.0,0.0,0.0,-51.0,-17.0,-68.0,1.0,0.0,1.0
2020-07-01,155,76,79,0,0,0,0,0,0,0,0,0,50,0,50,0.0,50.0,11856933.0,734847.0,30395.0,4335355.182652044,1247199700.0,1672572400.0,10671.239700000002,1028.7857999999999,11700.025500000002,60.79,4335.355182652044,4396.145182652044,6,2,4,11856.933,734.847,30.395,4335.355182652044,1247.1997,1672.5724,11873.005,734.847,30.395,4335.355182652044,1267.5306,1696.9455,11714.4903,4396.145182652044,50.0,0.0,50.0,101.0,93.0,194.0,8.0,4.0,4.0,-12.901999999998225,0.0,-3.0539999999999985,-0.0937866400790881,27.3454999999999,41.750099999999975,-11.611799999996947,-6.201786640079263,0.0,0.0,0.0,-33.0,0.0,-33.0,1.0,1.0,0.0
2020-08-01,167,94,73,0,1,0,0,0,1,0,0,0,50,0,50,0.0,50.0,12283455.0,782307.0,28867.0,4335355.182652044,1247022100.0,1672394800.0,11055.1095,1095.2297999999998,12150.3393,57.734,4335.355182652044,4393.089182652045,4,3,1,12283.455,782.307,28.867,4335.355182652044,1247.0221,1672.3948,11873.035,734.847,30.395,4335.355182652044,1267.5306,1696.9455,11714.5173,4396.145182652044,50.0,0.0,50.0,94.0,73.0,167.0,4.0,2.0,2.0,413.33400000000074,47.460000000000036,-4.581999999999997,-0.0937866400790881,27.286099999999806,41.90210000000002,438.4446000000007,-9.257786640078848,0.0,0.0,0.0,-40.0,-13.0,-53.0,-3.0,-1.0,-2.0
2020-09-01,168,85,83,5,0,3,0,2,0,0,0,0,50,0,50,0.0,50.0,12283455.0,782307.0,28867.0,4335355.182652044,1247022100.0,1672394800.0,11055.1095,1095.2297999999998,12150.3393,57.734,4335.355182652044,4393.089182652045,2,0,2,12283.455,782.307,28.867,4335.355182652044,1247.0221,1672.3948,11873.035,734.847,30.395,4335.355182652044,1267.5073,1696.9035,11714.5173,4396.145182652044,50.0,0.0,50.0,110.0,67.0,177.0,10.0,7.0,3.0,410.6299999999992,47.460000000000036,-4.581999999999997,-0.0937866400790881,30.994699999999966,45.862100000000055,436.0109999999986,-9.257786640078848,0.0,0.0,0.0,-24.0,-17.0,-41.0,-5.0,-3.0,-2.0
2020-10-01,154,95,59,1,0,0,0,1,0,0,0,0,50,0,50,0.0,50.0,12281696.0,782307.0,28867.0,4335355.182652044,1246066000.0,1671038200.0,11053.5264,1095.2297999999998,12148.7562,57.734,4335.355182652044,4393.089182652045,5,2,3,12281.696,782.307,28.867,4335.355182652044,1246.066,1671.0382,11873.035,734.847,30.395,4335.355182652044,1267.3199,1696.7161,11714.5173,4396.145182652044,50.0,0.0,50.0,68.0,62.0,130.0,4.0,1.0,3.0,406.2950000000001,47.460000000000036,-1.5279999999999987,0.0,30.11940000000004,44.7956999999999,432.1095000000005,-3.0559999999995853,0.0,0.0,0.0,-45.0,-28.0,-73.0,-2.0,-5.0,3.0
2020-11-01,194,99,95,1,0,1,0,0,0,0,0,0,50,0,50,0.0,50.0,12275163.0,782307.0,28867.0,4335355.182652044,1245826100.0,1670660900.0,11047.646700000001,1095.2297999999998,12142.8765,57.734,4335.355182652044,4393.089182652045,8,3,5,12275.163,782.307,28.867,4335.355182652044,1245.8261,1670.6609,11857.716,734.847,30.395,4335.355182652044,1267.3199,1696.7161,11700.7302,4396.145182652044,50.0,0.0,50.0,91.0,71.0,162.0,2.0,1.0,1.0,399.3600000000006,47.460000000000036,-1.5279999999999987,0.0,29.93170000000009,44.23230000000012,425.8680000000004,-3.0559999999995853,0.0,0.0,0.0,-30.0,8.0,-22.0,2.0,-1.0,3.0
2020-12-01,198,114,84,4,1,2,0,2,1,0,0,0,50,0,50,0.0,50.0,12273967.0,782307.0,28867.0,4407421.116849451,1503462500.0,2008374500.0,11046.570300000001,1095.2297999999998,12141.8001,57.734,4407.421116849451,4465.155116849452,12,9,3,12273.967,782.307,28.867,4407.421116849451,1503.4625,2008.3745,11857.381,734.847,30.395,4335.355182652044,1248.9625,1675.0873,11700.428699999999,4396.145182652044,50.0,0.0,50.0,69.0,70.0,139.0,6.0,3.0,3.0,400.6850000000013,47.460000000000036,-1.5279999999999987,72.06593419740693,235.85450000000014,311.3168999999998,427.0605000000014,69.00993419740735,0.0,0.0,0.0,-8.0,-2.0,-10.0,2.0,1.0,1.0
2021-01-01,132,83,49,4,0,4,0,0,0,0,0,0,50,0,50,0.0,50.0,12273967.0,782307.0,28867.0,4407421.116849451,1503396300.0,2008308300.0,11046.570300000001,1095.2297999999998,12141.8001,57.734,4407.421116849451,4465.155116849452,8,6,2,12273.967,782.307,28.867,4407.421116849451,1503.3963,2008.3083,11856.933,734.847,30.395,4335.355182652044,1247.1997,1672.5724,11700.025500000002,4396.145182652044,50.0,0.0,50.0,76.0,79.0,155.0,6.0,2.0,4.0,400.96200000000135,47.460000000000036,-1.5279999999999987,72.06593419740693,235.86570000000006,311.3627999999999,427.3098000000009,69.00993419740735,0.0,0.0,0.0,-18.0,-44.0,-62.0,0.0,2.0,-2.0
2021-02-01,118,66,52,3,0,3,0,0,0,0,0,0,50,0,50,0.0,50.0,12273967.0,782307.0,28867.0,4407421.116849451,1497206900.0,2000708000.0,11046.570300000001,1095.2297999999998,12141.8001,57.734,4407.421116849451,4465.155116849452,5,1,4,12273.967,782.307,28.867,4407.421116849451,1497.2069,2000.708,12283.455,782.307,28.867,4335.355182652044,1247.0221,1672.3948,12150.3393,4393.089182652045,50.0,0.0,50.0,94.0,73.0,167.0,4.0,3.0,1.0,400.9320000000007,47.460000000000036,-1.5279999999999987,72.06593419740693,229.67629999999986,303.76250000000005,427.28280000000086,69.00993419740735,0.0,0.0,0.0,-28.0,-21.0,-49.0,1.0,-1.0,2.0
2021-03-01,169,90,79,4,3,4,3,0,0,1,1,0,50,50,50,50.0,100.0,12274176.0,782307.0,28867.0,4406925.587437687,1497325300.0,2000728100.0,11046.7584,1095.2297999999998,12141.9882,57.734,4406.925587437688,4464.659587437688,5,2,3,12274.176,782.307,28.867,4406.925587437688,1497.3253,2000.7281,12283.455,782.307,28.867,4335.355182652044,1247.0221,1672.3948,12150.3393,4393.089182652045,50.0,0.0,50.0,85.0,83.0,168.0,2.0,0.0,2.0,401.1409999999996,47.460000000000036,-1.5279999999999987,71.5704047856434,229.81799999999998,303.82460000000015,427.47090000000026,68.51440478564382,0.0,50.0,50.0,-20.0,12.0,-8.0,-5.0,-5.0,0.0
2021-04-01,146,80,66,2,1,1,1,1,0,0,0,0,50,50,50,50.0,100.0,12401027.0,782307.0,28867.0,4554376.187437687,1496751600.0,2001094800.0,11160.9243,1095.2297999999998,12256.1541,57.734,4554.376187437687,4612.110187437687,2,1,1,12401.027,782.307,28.867,4554.376187437687,1496.7516,2001.0948,12281.696,782.307,28.867,4335.355182652044,1246.066,1671.0382,12148.7562,4393.089182652045,50.0,0.0,50.0,95.0,59.0,154.0,5.0,2.0,3.0,527.9920000000002,47.460000000000036,-1.5279999999999987,219.02100478564262,229.4317000000001,304.3787,541.6368000000002,215.96500478564303,0.0,50.0,50.0,12.0,4.0,16.0,-2.0,0.0,-2.0
2021-05-01,182,101,81,2,0,2,0,0,0,0,0,0,50,50,50,50.0,100.0,12675167.0,782307.0,28867.0,8331115.307437686,1496712200.0,2000961900.0,11407.6503,1095.2297999999998,12502.880099999998,57.734,8331.115307437687,8388.849307437687,9,3,6,12675.167,782.307,28.867,8331.115307437687,1496.7122,2000.9619,12275.163,782.307,28.867,4335.355182652044,1245.8261,1670.6609,12142.8765,4393.089182652045,50.0,0.0,50.0,99.0,95.0,194.0,8.0,3.0,5.0,817.4509999999991,47.460000000000036,-1.5279999999999987,3995.760124785643,229.39229999999998,304.2457999999999,802.1498999999985,3992.704124785643,0.0,50.0,50.0,10.0,10.0,20.0,7.0,2.0,5.0
2021-06-01,170,90,80,1,0,1,0,0,0,0,0,0,50,50,50,50.0,100.0,12710919.0,782307.0,30185.0,8331115.307437686,1495797200.0,2000677800.0,11439.8271,1095.2297999999998,12535.0569,60.37,8331.115307437687,8391.485307437688,8,2,6,12710.919,782.307,30.185,8331.115307437687,1495.7972,2000.6778,12273.967,782.307,28.867,4407.421116849451,1503.4625,2008.3745,12141.8001,4465.155116849452,50.0,0.0,50.0,114.0,84.0,198.0,12.0,9.0,3.0,853.5380000000005,47.460000000000036,-0.21000000000000085,3995.760124785643,246.83469999999988,325.5905,834.628200000001,3995.3401247856436,0.0,50.0,50.0,21.0,10.0,31.0,2.0,-1.0,3.0
2021-07-01,177,91,86,1,0,1,0,0,0,0,0,0,50,50,50,50.0,100.0,12709087.0,782307.0,30185.0,8331115.307437686,1495270600.0,2000151200.0,11438.1783,1095.2297999999998,12533.408099999999,60.37,8331.115307437687,8391.485307437688,9,7,2,12709.087,782.307,30.185,8331.115307437687,1495.2706,2000.1512,12273.967,782.307,28.867,4407.421116849451,1503.3963,2008.3083,12141.8001,4465.155116849452,50.0,0.0,50.0,83.0,49.0,132.0,8.0,6.0,2.0,852.1539999999986,47.460000000000036,-0.21000000000000085,3995.760124785643,248.07090000000017,327.5788,833.3825999999972,3995.3401247856436,0.0,50.0,50.0,15.0,7.0,22.0,3.0,5.0,-2.0
2021-08-01,202,109,93,3,2,3,2,0,0,0,0,0,50,50,50,50.0,100.0,12708970.0,782307.0,30185.0,8331115.307437686,1494315600.0,1999196200.0,11438.073,1095.2297999999998,12533.3028,60.37,8331.115307437687,8391.485307437688,8,3,5,12708.97,782.307,30.185,8331.115307437687,1494.3156,1999.1962,12273.967,782.307,28.867,4407.421116849451,1497.2069,2000.708,12141.8001,4465.155116849452,50.0,0.0,50.0,66.0,52.0,118.0,5.0,1.0,4.0,425.5149999999994,0.0,1.3179999999999978,3995.760124785643,247.2935,326.80140000000006,382.96349999999984,3998.396124785643,0.0,50.0,50.0,15.0,20.0,35.0,4.0,0.0,4.0
2021-09-01,184,104,80,5,1,4,1,1,0,0,0,0,50,50,50,50.0,100.0,12703934.0,782307.0,30185.0,8331115.307437686,1493642500.0,1998397200.0,11433.5406,1095.2297999999998,12528.7704,60.37,8331.115307437687,8391.485307437688,4,2,2,12703.934,782.307,30.185,8331.115307437687,1493.6425,1998.3972,12274.176,782.307,28.867,4406.925587437688,1497.3253,2000.7281,12141.9882,4464.659587437688,50.0,50.0,100.0,90.0,79.0,169.0,5.0,2.0,3.0,420.47899999999936,0.0,1.3179999999999978,3995.760124785643,246.62040000000002,326.0024000000001,378.4310999999998,3998.396124785643,0.0,50.0,50.0,19.0,-3.0,16.0,2.0,2.0,0.0
2021-10-01,177,101,76,6,1,6,1,0,0,0,0,0,50,50,50,50.0,100.0,12700241.0,782307.0,30185.0,8331115.307437686,1492844100.0,1996626100.0,11430.2169,1095.2297999999998,12525.446699999999,60.37,8331.115307437687,8391.485307437688,15,7,8,12700.241,782.307,30.185,8331.115307437687,1492.8441,1996.6261,12401.027,782.307,28.867,4554.376187437687,1496.7516,2001.0948,12256.1541,4612.110187437687,50.0,50.0,100.0,80.0,66.0,146.0,2.0,1.0,1.0,418.5450000000001,0.0,1.3179999999999978,3995.760124785643,246.7781,325.5879,376.6904999999988,3998.396124785643,0.0,50.0,50.0,6.0,17.0,23.0,10.0,5.0,5.0
2021-11-01,213,127,86,2,2,1,2,1,0,0,0,0,50,50,50,50.0,100.0,12697133.0,782307.0,30185.0,8331115.307437686,1485894600.0,1989358100.0,11427.4197,1095.2297999999998,12522.6495,60.37,8331.115307437687,8391.485307437688,17,7,10,12697.133,782.307,30.185,8331.115307437687,1485.8946,1989.3581,12675.167,782.307,28.867,8331.115307437687,1496.7122,2000.9619,12502.880099999998,8388.849307437687,50.0,50.0,100.0,101.0,81.0,182.0,9.0,3.0,6.0,421.96999999999935,0.0,1.3179999999999978,3995.760124785643,240.06850000000009,318.69719999999984,379.77299999999923,3998.396124785643,0.0,50.0,50.0,28.0,-9.0,19.0,9.0,4.0,5.0
2021-12-01,233,138,95,4,4,4,3,0,1,1,1,0,50,50,50,50.0,100.0,12695825.0,782307.0,30185.0,4417746.890249252,1538234200.0,2048864500.0,11426.2425,1095.2297999999998,12521.4723,60.37,4417.746890249252,4478.116890249252,6,4,2,12695.825,782.307,30.185,4417.746890249252,1538.2342,2048.8645,12710.919,782.307,30.185,8331.115307437687,1495.7972,2000.6778,12535.0569,8391.485307437688,50.0,50.0,100.0,90.0,80.0,170.0,8.0,2.0,6.0,421.8580000000002,0.0,1.3179999999999978,10.32577339980071,34.77170000000001,40.49000000000024,379.67219999999907,12.961773399800222,0.0,50.0,50.0,24.0,11.0,35.0,-6.0,-5.0,-1.0
2022-01-01,209,135,74,7,3,6,3,1,0,1,1,0,50,50,50,50.0,100.0,12695825.0,782307.0,30185.0,4417746.890249252,1537701700.0,2048098600.0,11426.2425,1095.2297999999998,12521.4723,60.37,4417.746890249252,4478.116890249252,10,6,4,12695.825,782.307,30.185,4417.746890249252,1537.7017,2048.0986,12709.087,782.307,30.185,8331.115307437687,1495.2706,2000.1512,12533.408099999999,8391.485307437688,50.0,50.0,100.0,91.0,86.0,177.0,9.0,7.0,2.0,421.8580000000002,0.0,1.3179999999999978,10.32577339980071,34.30539999999996,39.79029999999989,379.67219999999907,12.961773399800222,0.0,50.0,50.0,52.0,25.0,77.0,2.0,0.0,2.0
2022-02-01,161,85,76,1,2,1,1,0,1,0,0,0,50,50,50,50.0,100.0,12695825.0,782307.0,30185.0,4417746.890249252,1537701700.0,2048150200.0,11426.2425,1095.2297999999998,12521.4723,60.37,4417.746890249252,4478.116890249252,7,5,2,12695.825,782.307,30.185,4417.746890249252,1537.7017,2048.1502,12708.97,782.307,30.185,8331.115307437687,1494.3156,1999.1962,12533.3028,8391.485307437688,50.0,50.0,100.0,109.0,93.0,202.0,8.0,3.0,5.0,421.8580000000002,0.0,1.3179999999999978,10.32577339980071,40.49480000000017,47.44219999999996,379.67219999999907,12.961773399800222,0.0,50.0,50.0,19.0,24.0,43.0,2.0,4.0,-2.0
2022-03-01,159,89,70,8,4,8,3,0,1,1,1,0,50,50,50,50.0,100.0,12692867.0,782307.0,30185.0,4417746.890249252,1537815600.0,2048461300.0,11423.5803,1095.2297999999998,12518.810099999999,60.37,4417.746890249252,4478.116890249252,5,5,0,12692.867,782.307,30.185,4417.746890249252,1537.8156,2048.4613,12703.934,782.307,30.185,8331.115307437687,1493.6425,1998.3972,12528.7704,8391.485307437688,50.0,50.0,100.0,104.0,80.0,184.0,4.0,2.0,2.0,418.6910000000007,0.0,1.3179999999999978,10.821302811564237,40.490299999999934,47.7331999999999,376.821899999999,13.45730281156375,0.0,0.0,0.0,-1.0,-9.0,-10.0,0.0,3.0,-3.0
2022-04-01,163,93,70,18,1,17,1,1,0,0,0,0,50,50,50,50.0,100.0,12692867.0,782307.0,30185.0,4417746.890249252,1519695700.0,2023089000.0,11423.5803,1095.2297999999998,12518.810099999999,60.37,4417.746890249252,4478.116890249252,5,4,1,12692.867,782.307,30.185,4417.746890249252,1519.6957,2023.089,12700.241,782.307,30.185,8331.115307437687,1492.8441,1996.6261,12525.446699999999,8391.485307437688,50.0,50.0,100.0,101.0,76.0,177.0,15.0,7.0,8.0,291.84000000000015,0.0,1.3179999999999978,-136.62929718843498,22.944099999999935,21.994199999999864,262.65599999999904,-133.99329718843546,0.0,0.0,0.0,13.0,4.0,17.0,3.0,3.0,0.0
2022-05-01,198,112,86,11,1,8,1,3,0,0,0,0,50,50,50,50.0,100.0,12692867.0,782307.0,30185.0,4417746.890249252,1519919600.0,2021001300.0,11423.5803,1095.2297999999998,12518.810099999999,60.37,4417.746890249252,4478.116890249252,8,5,3,12692.867,782.307,30.185,4417.746890249252,1519.9196,2021.0013,12697.133,782.307,30.185,8331.115307437687,1485.8946,1989.3581,12522.6495,8391.485307437688,50.0,50.0,100.0,127.0,86.0,213.0,17.0,7.0,10.0,17.700000000000728,0.0,1.3179999999999978,-3913.368417188435,23.207400000000007,20.039399999999887,15.930000000000291,-3910.7324171884356,0.0,0.0,0.0,11.0,5.0,16.0,-1.0,2.0,-3.0
2022-06-01,209,116,93,11,3,11,3,0,0,1,1,0,50,50,50,50.0,100.0,12692867.0,782307.0,30185.0,4417746.890249252,1519515000.0,2020281600.0,11423.5803,1095.2297999999998,12518.810099999999,60.37,4417.746890249252,4478.116890249252,4,3,1,12692.867,782.307,30.185,4417.746890249252,1519.515,2020.2816,12695.825,782.307,30.185,4417.746890249252,1538.2342,2048.8645,12521.4723,4478.116890249252,50.0,50.0,100.0,138.0,95.0,233.0,6.0,4.0,2.0,-18.05199999999968,0.0,0.0,-3913.368417188435,23.717800000000125,19.603800000000092,-16.246800000000803,-3913.368417188436,0.0,0.0,0.0,26.0,13.0,39.0,-4.0,1.0,-5.0
2022-07-01,195,99,96,12,2,12,1,0,1,0,0,0,50,50,50,50.0,100.0,12747387.0,782307.0,30185.0,4417746.890249252,1519476900.0,2020243500.0,11472.6483,1095.2297999999998,12567.8781,60.37,4417.746890249252,4478.116890249252,8,4,4,12747.387,782.307,30.185,4417.746890249252,1519.4769,2020.2435,12695.825,782.307,30.185,4417.746890249252,1537.7017,2048.0986,12521.4723,4478.116890249252,50.0,50.0,100.0,135.0,74.0,209.0,10.0,6.0,4.0,38.30000000000109,0.0,0.0,-3913.368417188435,24.20629999999983,20.092300000000023,34.470000000001164,-3913.368417188436,0.0,0.0,0.0,8.0,10.0,18.0,-1.0,-3.0,2.0
2022-08-01,188,105,83,6,3,6,3,0,0,1,1,0,50,50,50,50.0,100.0,13167626.0,782307.0,30185.0,4417746.890249252,1519440600.0,2020207100.0,11850.8634,1095.2297999999998,12946.0932,60.37,4417.746890249252,4478.116890249252,7,5,2,13167.626,782.307,30.185,4417.746890249252,1519.4406,2020.2071,12695.825,782.307,30.185,4417.746890249252,1537.7017,2048.1502,12521.4723,4478.116890249252,50.0,50.0,100.0,85.0,76.0,161.0,7.0,5.0,2.0,458.65600000000086,0.0,0.0,-3913.368417188435,25.125,21.010899999999992,412.79039999999986,-3913.368417188436,0.0,0.0,0.0,-4.0,-10.0,-14.0,-1.0,2.0,-3.0
2022-09-01,191,89,102,3,0,3,0,0,0,0,0,0,50,50,50,50.0,100.0,13224945.0,980180.0,30185.0,4854348.770249252,1515511300.0,2013627900.0,11902.4505,1372.252,13274.702500000001,60.37,4854.348770249252,4914.718770249252,6,4,2,13224.945,980.18,30.185,4854.348770249252,1515.5113,2013.6279,12692.867,782.307,30.185,4417.746890249252,1537.8156,2048.4613,12518.810099999999,4478.116890249252,50.0,50.0,100.0,89.0,70.0,159.0,5.0,5.0,0.0,521.0110000000004,197.87299999999993,0.0,-3476.766537188435,21.868799999999965,15.230699999999842,745.9321000000018,-3476.766537188436,0.0,0.0,0.0,-15.0,22.0,7.0,2.0,2.0,0.0
2022-10-01,191,115,76,11,1,11,1,0,0,0,0,0,50,50,50,50.0,100.0,13225552.0,980180.0,30185.0,4854348.770249252,1514495300.0,2011009200.0,11902.9968,1372.252,13275.248800000001,60.37,4854.348770249252,4914.718770249252,7,5,2,13225.552,980.18,30.185,4854.348770249252,1514.4953,2011.0092,12692.867,782.307,30.185,4417.746890249252,1519.6957,2023.089,12518.810099999999,4478.116890249252,50.0,50.0,100.0,93.0,70.0,163.0,5.0,4.0,1.0,525.3109999999997,197.87299999999993,0.0,-3476.766537188435,21.651200000000017,14.383100000000013,749.8021000000026,-3476.766537188436,0.0,0.0,0.0,14.0,0.0,14.0,-8.0,-2.0,-6.0
2022-11-01,225,128,97,11,1,10,0,1,1,0,0,0,50,50,50,50.0,100.0,13226036.0,980180.0,30185.0,4854348.770249252,1515300300.0,2012335700.0,11903.4324,1372.252,13275.6844,60.37,4854.348770249252,4914.718770249252,10,8,2,13226.036,980.18,30.185,4854.348770249252,1515.3003,2012.3357,12692.867,782.307,30.185,4417.746890249252,1519.9196,2021.0013,12518.810099999999,4478.116890249252,50.0,50.0,100.0,112.0,86.0,198.0,8.0,5.0,3.0,528.9030000000002,197.87299999999993,0.0,-3476.766537188435,29.405700000000024,22.977600000000166,753.0349000000006,-3476.766537188436,0.0,0.0,0.0,1.0,11.0,12.0,-7.0,1.0,-8.0
2022-12-01,181,96,85,8,3,8,2,0,1,1,0,1,50,50,50,50.0,100.0,13224004.0,980180.0,30185.0,3943651.611445663,1525594400.0,2026252900.0,11901.6036,1372.252,13273.8556,60.37,3943.651611445663,4004.021611445663,12,7,5,13224.004,980.18,30.185,3943.651611445663,1525.5944,2026.2529,12692.867,782.307,30.185,4417.746890249252,1519.515,2020.2816,12518.810099999999,4478.116890249252,50.0,50.0,100.0,116.0,93.0,209.0,4.0,3.0,1.0,528.1790000000001,197.87299999999993,0.0,-474.0952788035888,-12.63980000000015,-22.61160000000018,752.3833000000013,-474.0952788035888,0.0,0.0,0.0,-42.0,-10.0,-52.0,6.0,3.0,3.0
2023-01-01,177,95,82,8,6,8,6,0,0,1,1,0,58,50,58,50.0,108.0,13224004.0,980180.0,30185.0,3943651.611445663,1525594400.0,2026252900.0,11901.6036,1372.252,13273.8556,60.37,3943.651611445663,4004.021611445663,16,12,4,13224.004,980.18,30.185,3943.651611445663,1525.5944,2026.2529,12747.387,782.307,30.185,4417.746890249252,1519.4769,2020.2435,12567.8781,4478.116890249252,50.0,50.0,100.0,99.0,96.0,195.0,8.0,4.0,4.0,528.1790000000001,197.87299999999993,0.0,-474.0952788035888,-12.107300000000123,-21.84569999999985,752.3833000000013,-474.0952788035888,8.0,0.0,8.0,-40.0,8.0,-32.0,6.0,6.0,0.0
2023-02-01,151,97,54,11,3,11,2,0,1,1,0,1,58,50,58,50.0,108.0,13224004.0,980180.0,30185.0,3943651.611445663,1526462400.0,2027033800.0,11901.6036,1372.252,13273.8556,60.37,3943.651611445663,4004.021611445663,5,3,2,13224.004,980.18,30.185,3943.651611445663,1526.4624,2027.0338,13167.626,782.307,30.185,4417.746890249252,1519.4406,2020.2071,12946.0932,4478.116890249252,50.0,50.0,100.0,105.0,83.0,188.0,7.0,5.0,2.0,528.1790000000001,197.87299999999993,0.0,-474.0952788035888,-11.239300000000185,-21.116400000000112,752.3833000000013,-474.0952788035888,8.0,0.0,8.0,12.0,-22.0,-10.0,-2.0,-2.0,0.0
2023-03-01,177,99,78,10,4,9,2,1,2,1,0,1,58,50,58,50.0,108.0,13224004.0,980180.0,30185.0,3943651.611445663,1527108700.0,2027680100.0,11901.6036,1372.252,13273.8556,60.37,3943.651611445663,4004.021611445663,5,3,2,13224.004,980.18,30.185,3943.651611445663,1527.1087,2027.6801,13224.945,980.18,30.185,4854.348770249252,1515.5113,2013.6279,13274.702500000001,4914.718770249252,50.0,50.0,100.0,89.0,102.0,191.0,6.0,4.0,2.0,531.1370000000006,197.87299999999993,0.0,-474.0952788035888,-10.706899999999905,-20.7811999999999,755.045500000002,-474.0952788035888,8.0,0.0,8.0,10.0,8.0,18.0,0.0,-2.0,2.0
2023-04-01,177,100,77,6,4,6,4,0,0,1,1,0,58,50,58,50.0,108.0,13224004.0,980180.0,30185.0,3943651.611445663,1524738200.0,2023551500.0,11901.6036,1372.252,13273.8556,60.37,3943.651611445663,4004.021611445663,12,10,2,13224.004,980.18,30.185,3943.651611445663,1524.7382,2023.5515,13225.552,980.18,30.185,4854.348770249252,1514.4953,2011.0092,13275.248800000001,4914.718770249252,50.0,50.0,100.0,115.0,76.0,191.0,7.0,5.0,2.0,531.1370000000006,197.87299999999993,0.0,-474.0952788035888,5.042500000000018,0.46250000000009095,755.045500000002,-474.0952788035888,8.0,0.0,8.0,7.0,7.0,14.0,7.0,6.0,1.0
2023-05-01,165,91,74,2,1,2,1,0,0,0,0,0,58,50,58,50.0,108.0,13224004.0,980180.0,30185.0,3793401.4102492523,1523815600.0,2016431400.0,11901.6036,1372.252,13273.8556,60.37,3793.4014102492524,3853.7714102492523,8,3,5,13224.004,980.18,30.185,3793.4014102492524,1523.8156,2016.4314,13226.036,980.18,30.185,4854.348770249252,1515.3003,2012.3357,13275.6844,4914.718770249252,50.0,50.0,100.0,128.0,97.0,225.0,10.0,8.0,2.0,531.1370000000006,197.87299999999993,0.0,-624.3454799999995,3.895999999999958,-4.569899999999961,755.045500000002,-624.3454799999995,8.0,0.0,8.0,-21.0,-12.0,-33.0,0.0,-2.0,2.0
2023-06-01,179,98,81,3,1,2,1,1,0,0,0,0,58,50,58,50.0,108.0,13227381.0,980180.0,30185.0,3793401.4102492523,1523743400.0,2016316900.0,11904.642899999999,1372.252,13276.8949,60.37,3793.4014102492524,3853.7714102492523,9,6,3,13227.381,980.18,30.185,3793.4014102492524,1523.7434,2016.3169,13224.004,980.18,30.185,3943.651611445663,1525.5944,2026.2529,13273.8556,4004.021611445663,50.0,50.0,100.0,96.0,85.0,181.0,12.0,7.0,5.0,534.5139999999992,197.87299999999993,0.0,-624.3454799999995,4.228399999999965,-3.9646999999999935,758.0848000000005,-624.3454799999995,8.0,0.0,8.0,-18.0,-12.0,-30.0,5.0,3.0,2.0
2023-07-01,181,98,83,2,2,2,2,0,0,0,0,0,58,50,58,50.0,108.0,13226373.0,980180.0,30185.0,3793401.4102492523,1523501700.0,2015871200.0,11903.7357,1372.252,13275.9877,60.37,3793.4014102492524,3853.7714102492523,9,6,3,13226.373,980.18,30.185,3793.4014102492524,1523.5017,2015.8712,13224.004,980.18,30.185,3943.651611445663,1525.5944,2026.2529,13273.8556,4004.021611445663,58.0,50.0,108.0,95.0,82.0,177.0,16.0,12.0,4.0,478.98599999999897,197.87299999999993,0.0,-624.3454799999995,4.024800000000141,-4.372299999999996,708.1095999999998,-624.3454799999995,8.0,0.0,8.0,-1.0,-13.0,-14.0,1.0,2.0,-1.0
2023-08-01,167,86,81,4,2,2,1,2,1,0,0,0,58,50,58,50.0,108.0,13593093.0,1069925.0,30185.0,3793401.4102492523,1523501700.0,2015871200.0,12233.783700000002,1497.8949999999998,13731.678700000002,60.37,3793.4014102492524,3853.7714102492523,6,4,2,13593.093,1069.925,30.185,3793.4014102492524,1523.5017,2015.8712,13224.004,980.18,30.185,3943.651611445663,1526.4624,2027.0338,13273.8556,4004.021611445663,58.0,50.0,108.0,97.0,54.0,151.0,5.0,3.0,2.0,425.46700000000055,287.61799999999994,0.0,-624.3454799999995,4.061100000000124,-4.335900000000038,785.5855000000029,-624.3454799999995,8.0,0.0,8.0,-19.0,-2.0,-21.0,-1.0,-1.0,0.0
2023-09-01,193,106,87,10,1,8,1,2,0,0,0,0,58,50,58,50.0,108.0,13590053.0,1069931.0,30185.0,3798402.89778664,1523859000.0,2016228500.0,12231.047700000001,1497.9034,13728.9511,60.37,3798.40289778664,3858.77289778664,5,4,1,13590.053,1069.931,30.185,3798.40289778664,1523.859,2016.2285,13224.004,980.18,30.185,3943.651611445663,1527.1087,2027.6801,13273.8556,4004.021611445663,58.0,50.0,108.0,99.0,78.0,177.0,5.0,3.0,2.0,365.1080000000002,89.75100000000009,0.0,-1055.945872462612,8.347700000000032,2.600599999999986,454.248599999999,-1055.945872462612,8.0,0.0,8.0,17.0,-15.0,2.0,-1.0,0.0,-1.0
2023-10-01,175,105,70,3,1,3,1,0,0,0,0,0,58,50,58,50.0,108.0,13588817.0,1069931.0,30185.0,3798402.89778664,1523859000.0,2016228500.0,12229.9353,1497.9034,13727.838699999998,60.37,3798.40289778664,3858.77289778664,1,1,0,13588.817,1069.931,30.185,3798.40289778664,1523.859,2016.2285,13224.004,980.18,30.185,3943.651611445663,1524.7382,2023.5515,13273.8556,4004.021611445663,58.0,50.0,108.0,100.0,77.0,177.0,12.0,10.0,2.0,363.2649999999994,89.75100000000009,0.0,-1055.945872462612,9.36369999999988,5.219299999999976,452.5898999999972,-1055.945872462612,8.0,0.0,8.0,-10.0,-6.0,-16.0,-6.0,-4.0,-2.0
2023-11-01,168,92,76,4,2,4,2,0,0,0,0,0,58,50,58,50.0,108.0,13585333.0,1069931.0,30185.0,3798402.89778664,1523859000.0,2016228500.0,12226.799700000001,1497.9034,13724.7031,60.37,3798.40289778664,3858.77289778664,4,4,0,13585.333,1069.931,30.185,3798.40289778664,1523.859,2016.2285,13224.004,980.18,30.185,3793.4014102492524,1523.8156,2016.4314,13273.8556,3853.7714102492523,58.0,50.0,108.0,91.0,74.0,165.0,8.0,3.0,5.0,359.2970000000005,89.75100000000009,0.0,-1055.945872462612,8.558699999999817,3.892799999999852,449.01870000000054,-1055.945872462612,8.0,0.0,8.0,-36.0,-21.0,-57.0,-6.0,-4.0,-2.0
2023-12-01,164,103,61,2,2,1,1,1,1,0,0,0,58,50,58,50.0,108.0,13624874.0,1069931.0,30185.0,3403935.015792622,1937361500.0,2656639600.0,12262.3866,1497.9034,13760.289999999999,60.37,3403.9350157926224,3464.3050157926223,4,4,0,13624.874,1069.931,30.185,3403.9350157926224,1937.3615,2656.6396,13227.381,980.18,30.185,3793.4014102492524,1523.7434,2016.3169,13276.8949,3853.7714102492523,58.0,50.0,108.0,98.0,81.0,179.0,9.0,6.0,3.0,400.869999999999,89.75100000000009,0.0,-539.7165956530407,411.7671,630.3867,486.4343999999983,-539.7165956530407,8.0,0.0,8.0,7.0,-24.0,-17.0,-8.0,-3.0,-5.0
2024-01-01,178,99,79,2,4,2,4,0,0,1,1,0,58,50,58,50.0,108.0,13643463.0,1069931.0,30185.0,3403935.015792622,1936984300.0,2656262400.0,12279.1167,1497.9034,13777.0201,60.37,3403.9350157926224,3464.3050157926223,7,6,1,13643.463,1069.931,30.185,3403.9350157926224,1936.9843,2656.2624,13226.373,980.18,30.185,3793.4014102492524,1523.5017,2015.8712,13275.9877,3853.7714102492523,58.0,50.0,108.0,98.0,83.0,181.0,9.0,6.0,3.0,419.4589999999989,89.75100000000009,0.0,-539.7165956530407,411.3899000000001,630.0095000000001,503.16449999999895,-539.7165956530407,0.0,0.0,0.0,4.0,-3.0,1.0,-9.0,-6.0,-3.0
2024-02-01,196,130,66,5,4,5,2,0,2,1,0,1,58,50,58,50.0,108.0,13764071.0,1247379.0,30185.0,3403935.015792622,1924888500.0,2640760100.0,12387.6639,1746.3305999999998,14133.994499999999,60.37,3403.9350157926224,3464.3050157926223,5,5,0,13764.071,1247.379,30.185,3403.9350157926224,1924.8885,2640.7601,13593.093,1069.925,30.185,3793.4014102492524,1523.5017,2015.8712,13731.678700000002,3853.7714102492523,58.0,50.0,108.0,86.0,81.0,167.0,6.0,4.0,2.0,540.0669999999991,267.19899999999996,0.0,-539.7165956530407,398.42610000000013,613.7263,860.1388999999981,-539.7165956530407,0.0,0.0,0.0,33.0,12.0,45.0,0.0,2.0,-2.0
2024-03-01,185,119,66,2,3,2,3,0,0,1,1,0,58,50,58,50.0,108.0,13765969.0,1247379.0,28043.0,3403935.015792622,1904420300.0,2614452800.0,12389.372099999999,1746.3305999999998,14135.702699999998,56.086,3403.9350157926224,3460.021015792622,6,5,1,13765.969,1247.379,28.043,3403.9350157926224,1904.4203,2614.4528,13590.053,1069.931,30.185,3798.40289778664,1523.859,2016.2285,13728.9511,3858.77289778664,58.0,50.0,108.0,106.0,87.0,193.0,5.0,4.0,1.0,541.9649999999983,267.19899999999996,-2.1419999999999995,-539.7165956530407,377.3116,586.7727,861.8470999999972,-544.0005956530408,0.0,0.0,0.0,20.0,-12.0,8.0,1.0,2.0,-1.0
2024-04-01,190,117,73,0,2,0,2,0,0,0,0,0,58,50,58,50.0,108.0,13770035.0,1247379.0,28043.0,3403935.015792622,1904274000.0,2614306500.0,12393.031500000001,1746.3305999999998,14139.3621,56.086,3403.9350157926224,3460.021015792622,3,3,0,13770.035,1247.379,28.043,3403.9350157926224,1904.274,2614.3065,13588.817,1069.931,30.185,3798.40289778664,1523.859,2016.2285,13727.838699999998,3858.77289778664,58.0,50.0,108.0,105.0,70.0,175.0,1.0,1.0,0.0,546.030999999999,267.19899999999996,-2.1419999999999995,-539.7165956530407,379.5357999999999,590.7550000000001,865.5064999999995,-544.0005956530408,0.0,0.0,0.0,17.0,-4.0,13.0,-9.0,-7.0,-2.0
2024-05-01,179,103,76,5,2,2,2,3,0,0,0,0,58,50,58,50.0,108.0,13777815.0,1247647.0,28043.0,3403935.015792622,1902750300.0,2611182200.0,12400.033500000001,1746.7057999999997,14146.739300000001,56.086,3403.9350157926224,3460.021015792622,5,3,2,13777.815,1247.647,28.043,3403.9350157926224,1902.7503,2611.1822,13585.333,1069.931,30.185,3798.40289778664,1523.859,2016.2285,13724.7031,3858.77289778664,58.0,50.0,108.0,92.0,76.0,168.0,4.0,4.0,0.0,553.8109999999997,267.467,-2.1419999999999995,-389.46639445663004,378.9347,594.7508000000003,872.8837000000003,-393.75039445663015,0.0,0.0,0.0,12.0,2.0,14.0,-3.0,0.0,-3.0
2024-06-01,157,77,80,3,4,2,3,1,1,1,1,0,58,50,58,50.0,108.0,13878848.0,1247647.0,28043.0,3403935.015792622,1900612000.0,2608462800.0,12490.9632,1746.7057999999997,14237.669,56.086,3403.9350157926224,3460.021015792622,3,2,1,13878.848,1247.647,28.043,3403.9350157926224,1900.612,2608.4628,13624.874,1069.931,30.185,3403.9350157926224,1937.3615,2656.6396,13760.289999999999,3464.3050157926223,58.0,50.0,108.0,103.0,61.0,164.0,4.0,4.0,0.0,651.4670000000006,267.467,-2.1419999999999995,-389.46639445663004,376.8686,592.1458999999998,960.7741000000005,-393.75039445663015,0.0,0.0,0.0,-21.0,-1.0,-22.0,-6.0,-4.0,-2.0
2024-07-01,184,104,80,2,1,2,0,0,1,0,0,0,58,50,58,50.0,108.0,13886589.0,1247647.0,28043.0,3403935.015792622,1900052700.0,2607797600.0,12497.9301,1746.7057999999997,14244.6359,56.086,3403.9350157926224,3460.021015792622,10,8,2,13886.589,1247.647,28.043,3403.9350157926224,1900.0527,2607.7976,13643.463,1069.931,30.185,3403.9350157926224,1936.9843,2656.2624,13777.0201,3464.3050157926223,58.0,50.0,108.0,99.0,79.0,178.0,7.0,6.0,1.0,660.2160000000003,267.467,-2.1419999999999995,-389.46639445663004,376.55099999999993,591.9263999999998,968.6481999999996,-393.75039445663015,0.0,0.0,0.0,6.0,-3.0,3.0,1.0,2.0,-1.0
2024-08-01,168,95,73,1,3,1,3,0,0,1,1,0,58,50,58,50.0,108.0,13885497.0,1247479.0,28043.0,3403935.015792622,1888993600.0,2591789100.0,12496.9473,1746.4705999999999,14243.4179,56.086,3403.9350157926224,3460.021015792622,5,3,2,13885.497,1247.479,28.043,3403.9350157926224,1888.9936,2591.7891,13764.071,1247.379,30.185,3403.9350157926224,1924.8885,2640.7601,14133.994499999999,3464.3050157926223,58.0,50.0,108.0,130.0,66.0,196.0,5.0,5.0,0.0,292.40399999999863,177.5540000000001,-2.1419999999999995,-389.46639445663004,365.4919,575.9178999999999,511.73919999999816,-393.75039445663015,0.0,0.0,0.0,9.0,-8.0,1.0,-1.0,-1.0,0.0
2024-09-01,177,107,70,3,0,2,0,1,0,0,0,0,58,50,58,50.0,108.0,13881519.0,1247479.0,28043.0,3403935.015792622,1888465000.0,2591260500.0,12493.367100000001,1746.4705999999999,14239.837700000002,56.086,3403.9350157926224,3460.021015792622,8,5,3,13881.519,1247.479,28.043,3403.9350157926224,1888.465,2591.2605,13765.969,1247.379,28.043,3403.9350157926224,1904.4203,2614.4528,14135.702699999998,3460.021015792622,58.0,50.0,108.0,119.0,66.0,185.0,6.0,5.0,1.0,291.46600000000035,177.548,-2.1419999999999995,-394.4678819940177,364.606,575.0319999999999,510.88660000000164,-398.7518819940178,0.0,0.0,0.0,1.0,-17.0,-16.0,3.0,1.0,2.0
2024-10-01,221,124,97,4,0,3,0,1,0,0,0,0,58,50,58,50.0,108.0,13879820.0,1247479.0,28043.0,3403935.015792622,1887227300.0,2589454300.0,12491.838,1746.4705999999999,14238.3086,56.086,3403.9350157926224,3460.021015792622,9,3,6,13879.82,1247.479,28.043,3403.9350157926224,1887.2273,2589.4543,13770.035,1247.379,28.043,3403.9350157926224,1904.274,2614.3065,14139.3621,3460.021015792622,58.0,50.0,108.0,117.0,73.0,190.0,3.0,3.0,0.0,291.0030000000006,177.548,-2.1419999999999995,-394.4678819940177,363.3683000000001,573.2257999999999,510.46990000000187,-398.7518819940178,0.0,0.0,0.0,19.0,27.0,46.0,8.0,2.0,6.0
2024-11-01,196,122,74,3,1,3,1,0,0,0,0,0,58,50,58,50.0,108.0,13879820.0,1247479.0,28043.0,3403935.015792622,1884582800.0,2586240200.0,12491.838,1746.4705999999999,14238.3086,56.086,3403.9350157926224,3460.021015792622,9,7,2,13879.82,1247.479,28.043,3403.9350157926224,1884.5828,2586.2402,13777.815,1247.647,28.043,3403.9350157926224,1902.7503,2611.1822,14146.739300000001,3460.021015792622,58.0,50.0,108.0,103.0,76.0,179.0,5.0,3.0,2.0,294.48699999999917,177.548,-2.1419999999999995,-394.4678819940177,360.7238,570.0117000000002,513.6054999999997,-398.7518819940178,0.0,0.0,0.0,30.0,-2.0,28.0,5.0,3.0,2.0
2024-12-01,220,129,91,3,1,3,1,0,0,0,0,0,58,50,58,50.0,108.0,13879820.0,1247479.0,28043.0,3392605.029750748,1924856400.0,2633520300.0,12491.838,1746.4705999999999,14238.3086,56.086,3392.605029750748,3448.691029750748,7,7,0,13879.82,1247.479,28.043,3392.605029750748,1924.8564,2633.5203,13878.848,1247.647,28.043,3403.9350157926224,1900.612,2608.4628,14237.669,3460.021015792622,58.0,50.0,108.0,77.0,80.0,157.0,3.0,2.0,1.0,254.9459999999999,177.548,-2.1419999999999995,-11.329986041874236,-12.505100000000084,-23.11929999999984,478.01860000000124,-15.613986041874341,0.0,0.0,0.0,26.0,30.0,56.0,3.0,3.0,0.0
2025-01-01,223,136,87,6,0,6,0,0,0,0,0,0,58,50,58,50.0,108.0,13879820.0,1247479.0,28043.0,3392605.029750748,1924337200.0,2633001100.0,12491.838,1746.4705999999999,14238.3086,56.086,3392.605029750748,3448.691029750748,7,3,4,13879.82,1247.479,28.043,3392.605029750748,1924.3372,2633.0011,13886.589,1247.647,28.043,3403.9350157926224,1900.0527,2607.7976,14244.6359,3460.021015792622,58.0,50.0,108.0,104.0,80.0,184.0,10.0,8.0,2.0,236.35699999999997,177.548,-2.1419999999999995,-11.329986041874236,-12.647100000000137,-23.26130000000012,461.28850000000057,-15.613986041874341,0.0,0.0,0.0,37.0,8.0,45.0,0.0,-3.0,3.0
2025-02-01,165,88,77,5,0,5,0,0,0,0,0,0,58,50,58,50.0,108.0,13877888.0,1292277.0,28043.0,3392605.029750748,1920120600.0,2628783800.0,12490.0992,1809.1878,14299.287,56.086,3392.605029750748,3448.691029750748,6,3,3,13877.888,1292.277,28.043,3392.605029750748,1920.1206,2628.7838,13885.497,1247.479,28.043,3403.9350157926224,1888.9936,2591.7891,14243.4179,3460.021015792622,58.0,50.0,108.0,95.0,73.0,168.0,5.0,3.0,2.0,113.81700000000092,44.89800000000014,-2.1419999999999995,-11.329986041874236,-4.767900000000054,-11.97629999999981,165.29250000000138,-15.613986041874341,0.0,0.0,0.0,-42.0,11.0,-31.0,1.0,-2.0,3.0
2025-03-01,169,94,75,2,0,2,0,0,0,0,0,0,58,50,58,50.0,108.0,13875673.0,1292697.0,28043.0,3392605.029750748,1920120600.0,2628783800.0,12488.1057,1809.7757999999997,14297.8815,56.086,3392.605029750748,3448.691029750748,9,5,4,13875.673,1292.697,28.043,3392.605029750748,1920.1206,2628.7838,13881.519,1247.479,28.043,3403.9350157926224,1888.465,2591.2605,14239.837700000002,3460.021015792622,58.0,50.0,108.0,107.0,70.0,177.0,8.0,5.0,3.0,109.70400000000154,45.317999999999984,0.0,-11.329986041874236,15.70029999999997,14.331000000000131,162.1788000000015,-11.329986041874236,0.0,0.0,0.0,-25.0,9.0,-16.0,3.0,0.0,3.0
2025-04-01,170,94,76,2,0,2,0,0,0,0,0,0,58,58,58,58.0,116.0,13874796.0,1292697.0,28043.0,3392605.029750748,1919899100.0,2628287100.0,12487.3164,1809.7757999999997,14297.0922,56.086,3392.605029750748,3448.691029750748,6,5,1,13874.796,1292.697,28.043,3392.605029750748,1919.8991,2628.2871,13879.82,1247.479,28.043,3403.9350157926224,1887.2273,2589.4543,14238.3086,3460.021015792622,58.0,50.0,108.0,124.0,97.0,221.0,9.0,3.0,6.0,104.76100000000042,45.317999999999984,0.0,-11.329986041874236,15.625100000000202,13.980599999999868,157.73009999999886,-11.329986041874236,0.0,8.0,8.0,-23.0,3.0,-20.0,3.0,2.0,1.0
2025-05-01,158,92,66,1,1,0,1,1,0,0,0,0,58,58,58,58.0,116.0,13868679.0,1292697.0,28043.0,3392605.029750748,1919413100.0,2624552500.0,12481.8111,1809.7757999999997,14291.5869,56.086,3392.605029750748,3448.691029750748,4,3,1,13868.679,1292.697,28.043,3392.605029750748,1919.4131,2624.5525,13879.82,1247.479,28.043,3403.9350157926224,1884.5828,2586.2402,14238.3086,3460.021015792622,58.0,50.0,108.0,122.0,74.0,196.0,9.0,7.0,2.0,90.86399999999958,45.049999999999955,0.0,-11.329986041874236,16.66280000000006,13.370299999999588,144.84759999999915,-11.329986041874236,0.0,8.0,8.0,-11.0,-10.0,-21.0,-1.0,0.0,-1.0
2025-06-01,165,84,81,2,0,1,0,1,0,0,0,0,58,58,58,58.0,116.0,13877331.0,1286963.0,28043.0,3392605.029750748,1919169900.0,2624309300.0,12489.5979,1801.7481999999998,14291.3461,56.086,3392.605029750748,3448.691029750748,7,3,4,13877.331,1286.963,28.043,3392.605029750748,1919.1699,2624.3093,13879.82,1247.479,28.043,3392.605029750748,1924.8564,2633.5203,14238.3086,3448.691029750748,58.0,50.0,108.0,129.0,91.0,220.0,7.0,7.0,0.0,-1.5169999999998254,39.31600000000003,0.0,-11.329986041874236,18.557900000000018,15.846500000000106,53.67710000000079,-11.329986041874236,0.0,8.0,8.0,7.0,1.0,8.0,4.0,1.0,3.0
2025-07-01,177,100,77,2,2,2,2,0,0,0,0,0,58,58,58,58.0,116.0,14033398.0,1286963.0,29179.0,3392605.029750748,1920010100.0,2625149500.0,12630.0582,1801.7481999999998,14431.8064,58.358,3392.605029750748,3450.9630297507483,14,8,6,14033.398,1286.963,29.179,3392.605029750748,1920.0101,2625.1495,13879.82,1247.479,28.043,3392.605029750748,1924.3372,2633.0011,14238.3086,3448.691029750748,58.0,50.0,108.0,136.0,87.0,223.0,7.0,3.0,4.0,146.8089999999993,39.31600000000003,1.1359999999999992,-11.329986041874236,19.957400000000007,17.351900000000114,187.17050000000017,-9.057986041873846,0.0,8.0,8.0,-4.0,-3.0,-7.0,4.0,0.0,4.0
